{
    "accuracy": 78.5377,
    "precision-scores": [
        0.54405,
        0.75378,
        0.75442,
        0.87135,
        0.76651,
        0.66108,
        0.87587,
        0.82889,
        0.92062,
        0.93404,
        0.81489,
        0.89679,
        0.66874,
        0.7294,
        0.804,
        0.86957,
        0.92395,
        0.59748,
        0.94269,
        0.67345,
        0.81878,
        0.91692,
        0.47054,
        0.96955,
        0.62649,
        0.69615,
        0.83748,
        0.76487
    ],
    "recall-scores": [
        0.55093,
        0.64733,
        0.82699,
        0.86682,
        0.73684,
        0.63127,
        0.84524,
        0.78879,
        0.9461,
        0.92701,
        0.86391,
        0.9442,
        0.47633,
        0.88734,
        0.78411,
        0.9078,
        0.92536,
        0.63901,
        0.97626,
        0.6471,
        0.90559,
        0.89962,
        0.45655,
        0.98454,
        0.54829,
        0.70155,
        0.88073,
        0.79272
    ],
    "f1-scores": [
        0.54747,
        0.69651,
        0.78904,
        0.86908,
        0.75138,
        0.64583,
        0.86028,
        0.80834,
        0.93319,
        0.93051,
        0.83868,
        0.91988,
        0.55637,
        0.80066,
        0.79393,
        0.88827,
        0.92465,
        0.61755,
        0.95918,
        0.66001,
        0.86,
        0.90819,
        0.46344,
        0.97699,
        0.58479,
        0.69884,
        0.85856,
        0.77855
    ]
}