{
    "accuracy": 83.5526,
    "precision-scores": [
        0.78027,
        0.77587,
        0.92084,
        0.79832,
        0.89376,
        0.76134,
        0.91953,
        0.85903
    ],
    "recall-scores": [
        0.74547,
        0.75585,
        0.94174,
        0.796,
        0.87667,
        0.92604,
        0.77413,
        0.86783
    ],
    "f1-scores": [
        0.76247,
        0.76573,
        0.93117,
        0.79716,
        0.88513,
        0.83565,
        0.84059,
        0.86341
    ]
}